id,first_name,last_name,email,gender,ip_address
1,Audie,Greveson,agreveson0@usatoday.com,Female,222.46.225.43
2,Boris,Denford,bdenford1@apache.org,Genderqueer,133.154.136.199
3,Emlen,Craister,ecraister2@berkeley.edu,Male,250.88.53.48
4,Hazel,Landeaux,hlandeaux3@digg.com,Bigender,186.208.41.165
5,Ambrosius,Eddleston,aeddleston4@wiley.com,Male,170.195.185.133
6,Matthus,Bernardino,mbernardino5@usnews.com,Male,144.5.50.16
7,Rudolph,Riall,rriall6@imageshack.us,Male,195.216.162.51
8,Francis,Orrah,forrah7@timesonline.co.uk,Male,41.113.228.19
9,Rudyard,Sadry,rsadry8@upenn.edu,Male,38.10.13.204
10,Sollie,Edginton,sedginton9@edublogs.org,Male,108.10.207.128
11,Gratia,Bartles,gbartlesa@rambler.ru,Female,199.185.125.32
12,Geoff,Salla,gsallab@tiny.cc,Male,6.0.112.221
13,Sherry,Snodden,ssnoddenc@aol.com,Female,33.38.84.153
14,Rodger,Mallalieu,rmallalieud@studiopress.com,Male,48.51.188.32
15,Ora,Blasdale,oblasdalee@photobucket.com,Female,6.67.39.169
16,Nollie,O'Grogane,nogroganef@salon.com,Female,167.41.10.127
17,Elysia,Lankham,elankhamg@networkadvertising.org,Female,151.126.234.125
18,Lacee,Hauger,lhaugerh@paginegialle.it,Female,56.189.141.234
19,Raeann,Puttergill,rputtergilli@constantcontact.com,Female,112.161.153.95
20,Julian,Duchant,jduchantj@google.com.au,Male,142.49.201.107
21,Ferne,Scrivin,fscrivink@ed.gov,Female,126.42.2.90
22,Abdel,Klempke,aklempkel@cbc.ca,Genderqueer,151.28.69.34
23,Laurent,Bennitt,lbennittm@noaa.gov,Male,232.224.223.255
24,Pattie,Eric,pericn@chicagotribune.com,Female,216.196.82.162
25,Nesta,Amburgy,namburgyo@amazon.de,Female,89.84.218.180
26,Regine,Rosenbloom,rrosenbloomp@symantec.com,Bigender,149.183.142.236
27,Koren,Whitelock,kwhitelockq@wired.com,Female,14.50.72.249
28,Horatio,Fernao,hfernaor@howstuffworks.com,Male,30.92.87.197
29,Sim,Figger,sfiggers@geocities.com,Male,244.71.183.208
30,Ber,Hatterslay,bhatterslayt@loc.gov,Male,171.235.26.55
31,Randolph,Tatlowe,rtatloweu@walmart.com,Male,182.141.119.179
32,Scotti,Mullaly,smullalyv@moonfruit.com,Male,139.152.5.208
33,Karlyn,Way,kwayw@ning.com,Polygender,30.209.186.123
34,Dore,Hollidge,dhollidgex@cdbaby.com,Female,125.54.160.200
35,Josey,Taft,jtafty@bloglines.com,Female,193.120.77.118
36,Roddie,Botterman,rbottermanz@bloglines.com,Male,33.135.168.138
37,Burch,Chadbourne,bchadbourne10@china.com.cn,Genderqueer,98.71.250.240
38,Sheelagh,Pattlel,spattlel11@ow.ly,Female,138.251.8.88
39,Kain,McGrayle,kmcgrayle12@amazon.com,Male,48.54.227.31
40,Lissie,Pre,lpre13@globo.com,Female,192.43.252.200
41,Hamilton,Sailer,hsailer14@ovh.net,Male,26.182.48.168
42,Midge,Fryman,mfryman15@sciencedaily.com,Female,153.108.91.189
43,Worden,Lummasana,wlummasana16@clickbank.net,Male,131.157.181.62
44,Kirby,Burdell,kburdell17@businessinsider.com,Female,163.109.172.185
45,Meir,Kerwin,mkerwin18@networkadvertising.org,Male,39.22.114.93
46,Nikoletta,Deery,ndeery19@miibeian.gov.cn,Female,166.243.77.46
47,Kendal,Bentham,kbentham1a@usatoday.com,Male,209.106.243.48
48,Barnett,Janway,bjanway1b@examiner.com,Male,255.179.168.115
49,Demetris,Haselhurst,dhaselhurst1c@slate.com,Male,158.99.48.9
50,Hayyim,Sandon,hsandon1d@prweb.com,Male,124.175.220.159
51,Ingram,Hollyer,ihollyer1e@techcrunch.com,Male,237.180.26.254
52,Stephine,Jenks,sjenks1f@arstechnica.com,Female,240.192.161.88
53,Ilse,McGowan,imcgowan1g@cocolog-nifty.com,Bigender,181.176.126.74
54,Tabbie,Digger,tdigger1h@ucsd.edu,Female,132.51.205.37
55,Caria,McQuilliam,cmcquilliam1i@hibu.com,Female,129.65.241.13
56,Starla,Caig,scaig1j@theglobeandmail.com,Female,169.115.11.23
57,Josie,MacScherie,jmacscherie1k@marketwatch.com,Female,69.234.177.87
58,Bentley,Dikes,bdikes1l@google.ru,Male,30.131.37.170
59,Luis,MacAless,lmacaless1m@mashable.com,Male,227.27.141.11
60,Shurlocke,Eilhart,seilhart1n@technorati.com,Male,247.155.36.35
61,Troy,Toffel,ttoffel1o@deliciousdays.com,Male,245.211.58.193
62,Enrique,Cattell,ecattell1p@dion.ne.jp,Agender,208.167.190.69
63,Diannne,Radbone,dradbone1q@howstuffworks.com,Female,40.89.69.88
64,Lenora,Loadwick,lloadwick1r@wikia.com,Female,74.244.197.5
65,Joy,Maybey,jmaybey1s@apple.com,Female,110.214.40.5
66,Eula,Sheaf,esheaf1t@go.com,Female,152.202.222.101
67,Gorden,Pardal,gpardal1u@hhs.gov,Agender,206.57.216.227
68,Salomo,Reide,sreide1v@independent.co.uk,Male,74.248.244.147
69,Todd,Presnall,tpresnall1w@acquirethisname.com,Male,85.109.18.219
70,Quentin,Tynemouth,qtynemouth1x@weather.com,Female,87.0.58.4
71,Leia,Harp,lharp1y@mozilla.org,Female,33.102.120.238
72,Etheline,Dunseath,edunseath1z@macromedia.com,Female,83.248.60.91
73,Burke,O'Devey,bodevey20@sfgate.com,Male,235.8.170.6
74,Arabela,Broker,abroker21@blogs.com,Female,59.52.97.221
75,Bill,Frude,bfrude22@ask.com,Genderfluid,102.184.247.25
76,Hayward,Rospars,hrospars23@blogs.com,Male,39.166.54.235
77,Germaine,Salsberg,gsalsberg24@forbes.com,Male,169.214.180.87
78,Walden,Clues,wclues25@indiegogo.com,Male,19.88.8.44
79,Marybeth,Parrett,mparrett26@qq.com,Female,32.222.254.144
80,Evey,Jurges,ejurges27@boston.com,Female,199.254.209.118
81,Woody,Arnson,warnson28@hhs.gov,Male,171.121.218.189
82,Maje,Brafferton,mbrafferton29@google.com,Male,138.228.154.220
83,Alphonse,Lis,alis2a@microsoft.com,Polygender,49.25.58.27
84,Linnea,Olufsen,lolufsen2b@weebly.com,Polygender,182.29.66.19
85,Uriel,Muzzillo,umuzzillo2c@google.nl,Male,8.77.65.215
86,Prentiss,Shepherdson,pshepherdson2d@yandex.ru,Male,0.222.188.62
87,Aharon,Rembaud,arembaud2e@topsy.com,Male,208.245.149.77
88,Malorie,Zienkiewicz,mzienkiewicz2f@dyndns.org,Polygender,71.200.161.168
89,Kendra,Coady,kcoady2g@nhs.uk,Female,53.12.123.112
90,Jacobo,Bedbrough,jbedbrough2h@vimeo.com,Male,252.134.183.194
91,Windham,Brombell,wbrombell2i@msn.com,Male,244.14.18.195
92,Kennedy,Aindrais,kaindrais2j@google.co.jp,Bigender,104.159.250.60
93,Camella,Askell,caskell2k@admin.ch,Female,218.45.92.70
94,Wilbert,Kensley,wkensley2l@privacy.gov.au,Agender,49.231.39.11
95,Dale,Richardot,drichardot2m@creativecommons.org,Male,44.248.35.23
96,Letta,Tweedie,ltweedie2n@amazon.de,Female,120.172.163.131
97,Mohammed,Jenkerson,mjenkerson2o@free.fr,Male,223.45.255.150
98,Jess,Larrad,jlarrad2p@geocities.com,Polygender,29.170.118.43
99,Palm,Deppe,pdeppe2q@nymag.com,Male,88.168.18.22
100,Constancia,MacShane,cmacshane2r@sfgate.com,Female,203.195.250.112
101,Mark,Edmondson,medmondson2s@washingtonpost.com,Male,61.111.173.174
102,Hill,Kowalik,hkowalik2t@blogspot.com,Male,12.215.44.234
103,Trevor,Dobbyn,tdobbyn2u@ovh.net,Male,138.161.117.253
104,Val,Dudding,vdudding2v@bluehost.com,Male,243.230.213.25
105,Dolph,Wolfindale,dwolfindale2w@smh.com.au,Male,63.83.31.113
106,Prisca,Hardman,phardman2x@dot.gov,Female,128.141.37.16
107,Nap,Bennedsen,nbennedsen2y@uiuc.edu,Male,133.173.183.243
108,Davida,MacAvddy,dmacavddy2z@1688.com,Female,111.4.45.63
109,Josy,Hannabuss,jhannabuss30@indiegogo.com,Female,198.224.77.61
110,Reed,Sallier,rsallier31@technorati.com,Male,164.87.206.196
111,Caesar,Ceillier,cceillier32@psu.edu,Male,27.28.19.160
112,Bert,Burbridge,bburbridge33@artisteer.com,Female,223.81.105.176
113,Karlie,Kingcott,kkingcott34@delicious.com,Female,98.72.210.33
114,Anders,Saltsberger,asaltsberger35@blogs.com,Male,160.163.233.0
115,Reagen,Dowrey,rdowrey36@tripod.com,Male,134.78.164.130
116,Rafi,Snassell,rsnassell37@arizona.edu,Male,209.87.242.113
117,Freddie,Woolmore,fwoolmore38@rediff.com,Male,149.36.132.145
118,Romy,Tenman,rtenman39@bloomberg.com,Female,2.141.5.170
119,Kristine,Tyrone,ktyrone3a@cbslocal.com,Female,128.143.237.51
120,Austin,Christophe,achristophe3b@topsy.com,Male,114.142.102.246
121,Deeanne,Meas,dmeas3c@last.fm,Female,72.112.252.142
122,Karyl,Sokale,ksokale3d@sun.com,Non-binary,100.8.203.25
123,Foss,Harce,fharce3e@last.fm,Male,116.69.227.112
124,Iago,Bavin,ibavin3f@simplemachines.org,Male,33.27.195.252
125,Vitia,Brolechan,vbrolechan3g@time.com,Female,172.251.51.108
126,Ned,Duerdin,nduerdin3h@issuu.com,Male,70.42.73.249
127,Rosaleen,Gilham,rgilham3i@geocities.com,Female,48.89.107.222
128,Myrvyn,Lampbrecht,mlampbrecht3j@ovh.net,Male,123.206.107.221
129,Randal,Beardsworth,rbeardsworth3k@wp.com,Male,159.91.198.53
130,Tiena,Acaster,tacaster3l@histats.com,Female,240.204.76.85
131,Kimberly,Kulver,kkulver3m@netlog.com,Female,79.111.56.230
132,Cati,Poppleston,cpoppleston3n@github.com,Polygender,193.164.163.240
133,Derrick,Haycraft,dhaycraft3o@forbes.com,Male,115.115.48.38
134,Megan,Burnell,mburnell3p@epa.gov,Female,203.122.57.19
135,Franklyn,Ashborne,fashborne3q@ox.ac.uk,Genderfluid,255.48.167.126
136,Flori,Larchiere,flarchiere3r@stumbleupon.com,Female,3.60.13.216
137,Hale,Melton,hmelton3s@tiny.cc,Male,115.227.189.162
138,Ceciley,Oldknow,coldknow3t@theglobeandmail.com,Female,145.138.68.131
139,Hamlin,O'Dennehy,hodennehy3u@unc.edu,Male,229.162.74.28
140,Viviene,Adel,vadel3v@simplemachines.org,Female,114.12.169.69
141,Ericha,Joyes,ejoyes3w@dailymail.co.uk,Female,165.211.193.62
142,Ransom,OIlier,roilier3x@github.com,Male,16.61.22.180
143,Laney,Whitehall,lwhitehall3y@cisco.com,Male,55.99.245.240
144,Nora,Mc Gorley,nmcgorley3z@discuz.net,Female,179.139.184.90
145,Isidro,Petett,ipetett40@msu.edu,Male,253.187.128.199
146,Wilfrid,Puller,wpuller41@tuttocitta.it,Male,131.134.30.211
147,Mollee,McPolin,mmcpolin42@ed.gov,Female,177.45.200.24
148,Britni,McMurdo,bmcmurdo43@hatena.ne.jp,Female,159.150.181.158
149,Maridel,Tows,mtows44@tiny.cc,Polygender,225.123.78.3
150,Ted,Gerin,tgerin45@stumbleupon.com,Male,161.88.14.123
151,Ayn,McElory,amcelory46@statcounter.com,Female,76.0.29.57
152,Lelah,Essame,lessame47@fotki.com,Female,41.171.232.10
153,Gregor,Dacey,gdacey48@bing.com,Polygender,76.144.167.217
154,Elva,Baudesson,ebaudesson49@seesaa.net,Female,226.7.201.30
155,Jarrett,Lutz,jlutz4a@yellowbook.com,Male,111.251.115.99
156,Lanette,Sive,lsive4b@360.cn,Female,221.43.33.38
157,Parsifal,Durrans,pdurrans4c@networkadvertising.org,Male,129.165.197.69
158,Joscelin,Hallam,jhallam4d@meetup.com,Female,192.227.112.8
159,Murvyn,Dello,mdello4e@wordpress.org,Male,153.46.27.129
160,Marie-jeanne,Rolstone,mrolstone4f@loc.gov,Female,137.185.106.175
161,Vidovik,Crowest,vcrowest4g@hexun.com,Male,104.214.175.183
162,Bartlet,Waghorn,bwaghorn4h@diigo.com,Male,121.119.207.237
163,Gaelan,Decreuze,gdecreuze4i@blogs.com,Male,94.117.67.113
164,Lamont,Gouldeby,lgouldeby4j@jiathis.com,Male,18.156.155.99
165,Sigismond,Drescher,sdrescher4k@imdb.com,Genderfluid,56.173.109.144
166,Joannes,Cheyne,jcheyne4l@blog.com,Non-binary,170.69.24.138
167,Tremayne,Hiskey,thiskey4m@arstechnica.com,Male,156.60.196.18
168,Stacy,Skeen,sskeen4n@zimbio.com,Male,68.249.124.86
169,Carlotta,Bette,cbette4o@house.gov,Female,56.129.3.134
170,Byram,Kivits,bkivits4p@admin.ch,Male,119.216.20.102
171,Effie,Noton,enoton4q@engadget.com,Female,174.224.181.159
172,Dane,Northill,dnorthill4r@soundcloud.com,Male,58.131.241.190
173,Vitia,Mizzen,vmizzen4s@ycombinator.com,Female,143.205.101.166
174,Thorny,Sellan,tsellan4t@imgur.com,Male,159.52.244.111
175,Alie,Shadrach,ashadrach4u@wordpress.org,Female,253.27.197.130
176,Florrie,Sawford,fsawford4v@weebly.com,Non-binary,35.178.110.10
177,Astrix,Drohan,adrohan4w@reddit.com,Female,21.172.185.122
178,Chev,Rangall,crangall4x@cmu.edu,Male,224.153.123.105
179,Melvyn,Pinkerton,mpinkerton4y@nationalgeographic.com,Male,168.67.23.58
180,Rockwell,Foston,rfoston4z@theglobeandmail.com,Male,15.196.140.127
181,Zitella,Beckham,zbeckham50@examiner.com,Female,255.101.128.67
182,Meryl,Morbey,mmorbey51@mlb.com,Female,255.53.117.1
183,Bibbye,Baukham,bbaukham52@skype.com,Female,185.39.167.170
184,Quintina,Cayford,qcayford53@dmoz.org,Female,90.150.167.208
185,Hal,Saul,hsaul54@irs.gov,Male,65.53.179.131
186,Slade,Cruddas,scruddas55@timesonline.co.uk,Male,197.18.14.66
187,Evey,Andrea,eandrea56@indiegogo.com,Female,57.18.220.234
188,Eden,Doolan,edoolan57@csmonitor.com,Female,19.88.136.83
189,Mirna,Peck,mpeck58@lycos.com,Female,25.58.246.248
190,Hayyim,Wilman,hwilman59@symantec.com,Male,78.28.104.230
191,Vi,Candwell,vcandwell5a@scientificamerican.com,Female,155.81.28.203
192,Feodor,D'Ambrosio,fdambrosio5b@slate.com,Male,168.2.51.54
193,Thor,Sambell,tsambell5c@fotki.com,Male,19.51.221.243
194,Goddart,Meehan,gmeehan5d@shareasale.com,Male,150.178.55.237
195,Kerwinn,Oxenford,koxenford5e@webeden.co.uk,Male,184.12.237.3
196,Aloysius,Whitten,awhitten5f@businessinsider.com,Agender,79.125.106.39
197,Olympia,Beadell,obeadell5g@shinystat.com,Female,44.200.140.28
198,Cristobal,Starkings,cstarkings5h@auda.org.au,Non-binary,197.245.32.145
199,Abelard,Roskams,aroskams5i@homestead.com,Male,118.214.223.86
200,Claire,Jachimiak,cjachimiak5j@timesonline.co.uk,Male,32.198.52.110
201,Olenka,Doohan,odoohan5k@blogger.com,Female,19.4.160.172
202,Gun,Norssister,gnorssister5l@histats.com,Male,70.105.58.146
203,Valentin,Gingold,vgingold5m@e-recht24.de,Agender,188.191.171.105
204,Dyanna,Orritt,dorritt5n@google.co.uk,Female,193.238.152.38
205,Aridatha,Fawcitt,afawcitt5o@sourceforge.net,Female,136.3.205.81
206,Nerty,Hayman,nhayman5p@craigslist.org,Female,89.8.73.64
207,Carney,Tapley,ctapley5q@bloglines.com,Male,164.144.165.205
208,Aila,Dwelly,adwelly5r@smh.com.au,Bigender,36.196.63.54
209,Anatollo,Bertouloume,abertouloume5s@ted.com,Male,128.144.27.36
210,Hollie,Lyst,hlyst5t@freewebs.com,Female,21.237.28.23
211,Preston,Bartoleyn,pbartoleyn5u@desdev.cn,Male,92.59.38.6
212,Julius,Petrowsky,jpetrowsky5v@goodreads.com,Agender,211.57.93.2
213,Lonnard,Enrietto,lenrietto5w@myspace.com,Male,127.126.254.54
214,Westley,Brunsden,wbrunsden5x@guardian.co.uk,Agender,179.64.2.236
215,Julie,Tyrrell,jtyrrell5y@senate.gov,Male,89.235.94.2
216,Heall,Elijah,helijah5z@yahoo.co.jp,Male,138.233.40.170
217,Othelia,Howitt,ohowitt60@nba.com,Female,190.144.174.147
218,Juan,Bramhall,jbramhall61@nytimes.com,Male,203.39.230.127
219,Sylas,Brumby,sbrumby62@dedecms.com,Male,249.240.89.171
220,Alaine,Beloe,abeloe63@abc.net.au,Female,44.135.31.93
221,Loria,Smail,lsmail64@senate.gov,Female,174.22.247.24
222,Chere,Ferruzzi,cferruzzi65@discuz.net,Female,236.191.103.74
223,Reinald,Troke,rtroke66@psu.edu,Male,98.243.149.106
224,Itch,Curnick,icurnick67@scribd.com,Male,155.165.202.91
225,Dora,Huriche,dhuriche68@ox.ac.uk,Female,42.181.231.42
226,Dimitry,Bonnefin,dbonnefin69@businessweek.com,Male,205.73.47.83
227,Anjanette,Van der Beek,avanderbeek6a@bing.com,Female,72.169.99.142
228,Christean,Nassy,cnassy6b@netvibes.com,Female,42.172.82.254
229,Pepito,Bloomfield,pbloomfield6c@latimes.com,Male,34.10.17.206
230,Gaile,Fulbrook,gfulbrook6d@salon.com,Male,49.201.192.174
231,Walsh,Schott,wschott6e@globo.com,Male,158.142.177.52
232,Ashla,Russ,aruss6f@uiuc.edu,Agender,111.138.161.198
233,Egbert,Nolton,enolton6g@angelfire.com,Male,96.230.53.0
234,Ruggiero,McCollum,rmccollum6h@smh.com.au,Male,126.22.65.243
235,Glynnis,Shortin,gshortin6i@xinhuanet.com,Non-binary,200.14.56.207
236,Rozamond,Baldacchino,rbaldacchino6j@twitpic.com,Female,177.117.66.79
237,Morgana,Siaskowski,msiaskowski6k@storify.com,Female,70.60.235.207
238,Rachelle,Sheering,rsheering6l@newsvine.com,Female,124.144.128.40
239,Raffarty,Readwing,rreadwing6m@desdev.cn,Male,35.126.208.48
240,Briney,Ceschelli,bceschelli6n@fda.gov,Genderfluid,250.132.1.93
241,Mariejeanne,Bullard,mbullard6o@multiply.com,Female,86.230.120.113
242,Shelly,MacLardie,smaclardie6p@vkontakte.ru,Genderfluid,242.185.198.152
243,Dana,Jorry,djorry6q@vinaora.com,Female,129.113.51.79
244,Eleanore,Bronger,ebronger6r@blinklist.com,Female,25.194.141.145
245,Barbara-anne,Pomphrett,bpomphrett6s@ucsd.edu,Female,251.79.91.152
246,Toby,Pauler,tpauler6t@boston.com,Female,236.192.140.204
247,Brandy,Raeside,braeside6u@technorati.com,Male,219.173.142.151
248,Davina,Vanyarkin,dvanyarkin6v@weebly.com,Female,22.243.122.131
249,Ruthie,Moine,rmoine6w@newyorker.com,Female,158.214.112.212
250,Shirline,Cummungs,scummungs6x@wordpress.com,Female,34.7.210.231
251,Adolphus,Pauncefort,apauncefort6y@weibo.com,Male,174.244.175.154
252,Carine,Tassel,ctassel6z@ted.com,Female,144.176.93.100
253,Tully,Crann,tcrann70@wikipedia.org,Male,182.151.147.55
254,Rowe,Olner,rolner71@illinois.edu,Non-binary,109.64.105.183
255,Guenevere,Olekhov,golekhov72@naver.com,Female,243.214.194.246
256,Erik,Chaman,echaman73@vimeo.com,Male,43.157.43.52
257,Teriann,Venables,tvenables74@buzzfeed.com,Female,157.12.239.90
258,Tiphany,Ramsdale,tramsdale75@slashdot.org,Female,55.175.176.45
259,Tremain,Huitson,thuitson76@nytimes.com,Male,75.134.195.179
260,Odell,Grinston,ogrinston77@whitehouse.gov,Male,202.128.43.15
261,Palmer,Friberg,pfriberg78@imageshack.us,Male,192.27.50.3
262,Maynard,Ballin,mballin79@spotify.com,Male,26.84.251.141
263,Smitty,Tocknell,stocknell7a@tinyurl.com,Male,205.7.249.237
264,Chloris,Devanny,cdevanny7b@soundcloud.com,Female,156.120.75.89
265,Hale,Pitcock,hpitcock7c@jigsy.com,Male,76.38.42.232
266,Ernesta,Schulze,eschulze7d@nature.com,Female,182.149.183.226
267,Cull,Michel,cmichel7e@nature.com,Male,89.35.1.44
268,Osborn,Malloy,omalloy7f@si.edu,Male,61.212.66.138
269,Howey,Coulston,hcoulston7g@pcworld.com,Male,186.73.249.112
270,Rees,Bertolin,rbertolin7h@patch.com,Male,144.95.230.106
271,Yancey,Garth,ygarth7i@mozilla.com,Male,125.45.73.172
272,Emory,Wreight,ewreight7j@jalbum.net,Male,215.174.6.243
273,Lisle,Gariff,lgariff7k@slideshare.net,Genderqueer,5.101.48.95
274,Any,Kener,akener7l@cnet.com,Male,180.126.48.61
275,Faye,Cawthra,fcawthra7m@wufoo.com,Female,204.224.184.179
276,Kalindi,Saggs,ksaggs7n@freewebs.com,Female,212.85.29.59
277,Julieta,Heathcote,jheathcote7o@surveymonkey.com,Polygender,194.153.39.206
278,Brander,Dilliston,bdilliston7p@go.com,Male,151.100.120.124
279,Kenn,Southall,ksouthall7q@skyrock.com,Male,144.66.242.255
280,Den,Blasli,dblasli7r@spiegel.de,Genderfluid,196.177.137.89
281,Arlinda,Pagan,apagan7s@latimes.com,Female,254.141.233.232
282,Brnaby,Bartoszek,bbartoszek7t@booking.com,Male,143.54.213.61
283,Violet,McGibbon,vmcgibbon7u@cmu.edu,Female,154.253.217.91
284,Mahmud,Bridgewater,mbridgewater7v@mozilla.org,Non-binary,108.88.190.147
285,Nyssa,Whittall,nwhittall7w@unesco.org,Female,198.220.147.46
286,Etheline,Hue,ehue7x@shutterfly.com,Female,1.45.173.112
287,Northrop,Postin,npostin7y@artisteer.com,Male,82.211.104.138
288,Christye,McCutheon,cmccutheon7z@tmall.com,Female,177.111.30.197
289,Trenna,Storcke,tstorcke80@bizjournals.com,Female,81.11.41.132
290,Rossie,Siverns,rsiverns81@chicagotribune.com,Male,208.63.220.118
291,Corilla,Cowden,ccowden82@springer.com,Polygender,150.230.201.240
292,May,Cotelard,mcotelard83@shinystat.com,Female,166.55.150.160
293,Yule,Goodhay,ygoodhay84@princeton.edu,Male,149.113.212.1
294,Eula,Dudmesh,edudmesh85@bing.com,Genderqueer,182.157.75.80
295,Daphne,Shankle,dshankle86@shutterfly.com,Female,218.254.164.76
296,Joellyn,Dumingo,jdumingo87@pbs.org,Female,43.202.229.112
297,Elias,Creaser,ecreaser88@goo.gl,Agender,184.141.192.88
298,Gwenni,Jerger,gjerger89@acquirethisname.com,Female,235.166.158.104
299,Barris,Slott,bslott8a@vimeo.com,Male,47.55.73.241
300,Alix,Newart,anewart8b@homestead.com,Female,103.122.202.27
301,Codi,Ghelardoni,cghelardoni8c@princeton.edu,Female,85.118.102.101
302,Lay,Felgate,lfelgate8d@tinypic.com,Male,194.126.63.238
303,Jedd,Yewman,jyewman8e@webs.com,Male,114.243.68.211
304,Giraldo,Shimony,gshimony8f@unc.edu,Male,172.125.158.114
305,Nora,Cressor,ncressor8g@tinypic.com,Female,133.39.118.143
306,Elston,Arnaud,earnaud8h@seesaa.net,Male,179.63.248.0
307,Dyane,Illidge,dillidge8i@europa.eu,Female,74.132.53.155
308,Stacey,Bourner,sbourner8j@sphinn.com,Female,239.92.119.57
309,Taffy,Biskupski,tbiskupski8k@statcounter.com,Female,142.195.170.203
310,Mavis,Greendale,mgreendale8l@newyorker.com,Female,201.169.110.168
311,Jillayne,Sleeman,jsleeman8m@blogspot.com,Female,85.43.157.174
312,Jeanne,Fiennes,jfiennes8n@blogspot.com,Female,73.125.17.112
313,Sallee,Feakins,sfeakins8o@liveinternet.ru,Female,74.2.222.145
314,Aldwin,McGeneay,amcgeneay8p@google.it,Male,137.92.230.138
315,Dalila,Sherman,dsherman8q@theguardian.com,Female,127.82.99.237
316,Alastair,Andrioli,aandrioli8r@naver.com,Male,141.232.106.232
317,Iosep,Vandrill,ivandrill8s@cloudflare.com,Male,71.139.64.50
318,Belinda,Knight,bknight8t@diigo.com,Female,101.56.13.64
319,Rene,Castellucci,rcastellucci8u@nydailynews.com,Male,45.252.71.217
320,Sherill,Counter,scounter8v@mashable.com,Female,248.133.200.28
321,Christa,Okie,cokie8w@virginia.edu,Female,255.4.104.172
322,Luce,Caughte,lcaughte8x@dagondesign.com,Female,178.190.212.116
323,Cesare,Yeliashev,cyeliashev8y@angelfire.com,Male,28.210.48.212
324,Alla,Zecchi,azecchi8z@hugedomains.com,Female,178.144.63.183
325,Stuart,Nudds,snudds90@google.it,Male,120.81.204.156
326,Jeremy,Trewhitt,jtrewhitt91@disqus.com,Genderfluid,155.215.74.225
327,Shina,Sands,ssands92@sciencedaily.com,Female,140.105.32.40
328,Orbadiah,Greader,ogreader93@baidu.com,Male,6.230.60.30
329,Sumner,Divis,sdivis94@addthis.com,Male,174.78.65.187
330,Ethan,Crean,ecrean95@buzzfeed.com,Male,115.87.169.161
331,Parsifal,Patters,ppatters96@is.gd,Male,117.169.29.170
332,Zedekiah,Tierney,ztierney97@spiegel.de,Male,123.63.252.217
333,Jefferey,Gerritsma,jgerritsma98@squidoo.com,Male,106.28.103.63
334,Lalo,Allonby,lallonby99@mlb.com,Male,186.77.252.174
335,Friedrich,Meere,fmeere9a@feedburner.com,Male,188.84.224.169
336,Immanuel,Proudlove,iproudlove9b@miitbeian.gov.cn,Male,92.116.114.32
337,Ranique,Galley,rgalley9c@w3.org,Female,109.221.160.195
338,Care,Boxen,cboxen9d@mtv.com,Male,128.183.150.59
339,Zora,Spurgin,zspurgin9e@google.com,Female,143.123.72.137
340,Lana,Cristea,lcristea9f@parallels.com,Female,209.72.58.81
341,Burch,Goldin,bgoldin9g@imdb.com,Male,218.189.110.57
342,Shaylynn,Hatrick,shatrick9h@census.gov,Female,35.216.154.43
343,Katleen,Alldre,kalldre9i@statcounter.com,Agender,12.190.104.173
344,Heinrik,Fazan,hfazan9j@mapquest.com,Male,106.191.57.117
345,Glenn,Sunners,gsunners9k@merriam-webster.com,Male,172.111.106.199
346,Erhart,Lionel,elionel9l@vkontakte.ru,Non-binary,112.174.200.235
347,Joana,O'Reilly,joreilly9m@topsy.com,Genderqueer,141.28.196.98
348,Jude,Elnor,jelnor9n@wp.com,Male,171.237.182.218
349,Phillip,Volette,pvolette9o@wired.com,Male,41.132.203.209
350,Anastassia,Ioselev,aioselev9p@ihg.com,Female,131.108.50.214
351,Mar,Scoullar,mscoullar9q@reuters.com,Male,253.65.125.160
352,Anselma,Ropkes,aropkes9r@dmoz.org,Female,62.200.28.241
353,Joann,O'Reilly,joreilly9s@forbes.com,Female,138.17.49.51
354,Gusti,Barthorpe,gbarthorpe9t@craigslist.org,Female,121.100.64.130
355,Marjory,Abeles,mabeles9u@ca.gov,Female,170.42.168.180
356,Prissie,Beardow,pbeardow9v@sciencedirect.com,Female,25.253.227.216
357,Lazare,Gannicott,lgannicott9w@hostgator.com,Male,212.39.94.32
358,Michale,Korba,mkorba9x@t-online.de,Male,47.67.72.65
359,Doro,Ertelt,dertelt9y@over-blog.com,Female,86.165.172.244
360,Dorian,Jarritt,djarritt9z@facebook.com,Female,189.225.117.150
361,Leigh,Mees,lmeesa0@nyu.edu,Female,42.48.58.169
362,Chiquita,Huntly,chuntlya1@umn.edu,Female,207.110.222.169
363,Cecily,Skule,cskulea2@g.co,Bigender,230.15.96.60
364,Anny,Scoggin,ascoggina3@gnu.org,Female,146.8.91.152
365,Rafaelia,Mortell,rmortella4@chicagotribune.com,Female,39.244.213.108
366,Anatola,Shitliffe,ashitliffea5@biblegateway.com,Female,111.28.79.154
367,Griffith,Rotlauf,grotlaufa6@tinyurl.com,Male,199.105.51.198
368,Reece,Secretan,rsecretana7@vkontakte.ru,Male,119.59.159.57
369,Tadeas,Spoward,tspowarda8@4shared.com,Male,40.93.197.117
370,Deerdre,Tanguy,dtanguya9@amazon.co.uk,Female,178.25.230.182
371,Claude,Duddle,cduddleaa@ucsd.edu,Female,7.84.28.47
372,Rhoda,Catton,rcattonab@blog.com,Genderqueer,65.22.254.226
373,Donielle,Venmore,dvenmoreac@squarespace.com,Female,85.99.151.231
374,Kakalina,O'Deegan,kodeeganad@jalbum.net,Female,0.203.153.125
375,Pepita,Collumbell,pcollumbellae@smh.com.au,Female,89.249.138.10
376,Marjory,Evesque,mevesqueaf@blogger.com,Female,82.200.171.216
377,Laryssa,Vannacci,lvannacciag@yellowbook.com,Female,147.60.239.252
378,Lilith,Rosenstiel,lrosenstielah@comsenz.com,Bigender,249.198.110.44
379,Ruddy,Tipperton,rtippertonai@dion.ne.jp,Male,84.78.65.101
380,Shurlocke,Egger,seggeraj@list-manage.com,Genderqueer,250.202.249.245
381,Odelinda,Alejo,oalejoak@comcast.net,Female,234.73.251.8
382,Marabel,Menloe,mmenloeal@blogspot.com,Female,49.218.81.229
383,Wyndham,Ellit,wellitam@ustream.tv,Male,151.92.37.247
384,Christabella,Osgerby,cosgerbyan@xing.com,Female,86.196.189.183
385,Berky,O'Crigane,bocriganeao@oakley.com,Polygender,146.44.169.53
386,Brannon,Wareing,bwareingap@ifeng.com,Male,11.202.133.165
387,Claire,Earingey,cearingeyaq@flickr.com,Female,125.189.202.153
388,Adriaens,Getch,agetchar@gov.uk,Female,187.197.183.115
389,Ricky,Hame,rhameas@soup.io,Female,252.246.0.207
390,Marion,Swinn,mswinnat@mashable.com,Male,87.61.22.137
391,Gare,Agnew,gagnewau@sciencedirect.com,Male,148.195.57.162
392,Dora,Meale,dmealeav@amazon.de,Female,158.112.56.4
393,Myrvyn,Fullegar,mfullegaraw@abc.net.au,Male,188.57.204.12
394,Puff,Cavnor,pcavnorax@amazon.de,Male,218.243.99.229
395,Dulcine,Dell'Abbate,ddellabbateay@youtube.com,Female,121.178.157.11
396,Annabella,Maly,amalyaz@redcross.org,Female,111.0.14.58
397,Felecia,Lemonby,flemonbyb0@opensource.org,Female,129.175.206.39
398,Remus,Duffett,rduffettb1@epa.gov,Male,85.144.75.137
399,Kevina,Brent,kbrentb2@indiatimes.com,Female,143.139.2.219
400,Enriqueta,Sharrard,esharrardb3@trellian.com,Female,211.111.5.163
401,Rosy,Probbin,rprobbinb4@feedburner.com,Female,58.119.161.235
402,Madelle,Vampouille,mvampouilleb5@adobe.com,Female,57.2.39.230
403,Archer,Saxelby,asaxelbyb6@intel.com,Male,160.184.243.241
404,Jaquenette,Tydd,jtyddb7@dailymail.co.uk,Genderqueer,52.231.118.93
405,Donn,Yanele,dyaneleb8@com.com,Male,21.160.22.150
406,Cyrill,Leyes,cleyesb9@oaic.gov.au,Male,162.65.31.45
407,Corby,Knight,cknightba@hatena.ne.jp,Male,175.51.228.64
408,Claybourne,Hanbridge,chanbridgebb@loc.gov,Male,161.181.231.173
409,Charmain,Dowrey,cdowreybc@deliciousdays.com,Female,135.138.216.0
410,Nicoline,Alyonov,nalyonovbd@odnoklassniki.ru,Female,32.42.104.204
411,Ardys,Verty,avertybe@economist.com,Female,182.1.233.6
412,Glennie,Howes,ghowesbf@123-reg.co.uk,Female,48.27.146.247
413,Denney,Gawen,dgawenbg@flickr.com,Male,50.63.56.64
414,Lock,Parnham,lparnhambh@senate.gov,Male,168.222.78.165
415,Ax,Giovannilli,agiovannillibi@hexun.com,Male,121.181.140.31
416,Stesha,Palfree,spalfreebj@ted.com,Female,42.71.46.72
417,Hali,Alenov,halenovbk@vimeo.com,Female,195.197.15.87
418,Genvieve,Sergent,gsergentbl@hud.gov,Female,84.43.214.74
419,Idalia,Erett,ierettbm@smugmug.com,Female,110.129.68.116
420,Torrin,Palethorpe,tpalethorpebn@bing.com,Male,100.83.225.162
421,Nani,Dunseath,ndunseathbo@drupal.org,Female,170.53.164.140
422,Moira,McKern,mmckernbp@aboutads.info,Female,254.59.77.231
423,Torrence,Baxstar,tbaxstarbq@google.ca,Male,28.110.224.220
424,Freddi,Hellyer,fhellyerbr@pinterest.com,Female,95.37.134.180
425,Harli,Jeannot,hjeannotbs@paginegialle.it,Female,78.32.67.89
426,Florina,Thaxton,fthaxtonbt@mail.ru,Female,41.190.22.91
427,Rodrique,Seleway,rselewaybu@aboutads.info,Male,95.142.125.66
428,Ibrahim,Tieraney,itieraneybv@wikipedia.org,Male,103.111.168.170
429,Hobie,Croutear,hcroutearbw@ox.ac.uk,Male,128.59.130.67
430,Aida,Vairow,avairowbx@huffingtonpost.com,Bigender,79.173.212.76
431,Goldi,Trees,gtreesby@rediff.com,Female,183.250.213.195
432,Hardy,Oolahan,hoolahanbz@ycombinator.com,Male,125.104.83.158
433,Elmira,Scammell,escammellc0@cbc.ca,Female,218.81.74.83
434,Titus,Keyson,tkeysonc1@hc360.com,Male,4.24.77.159
435,Billy,Rendall,brendallc2@cpanel.net,Polygender,253.208.119.65
436,Micheal,Balaizot,mbalaizotc3@posterous.com,Genderfluid,28.236.90.139
437,Faith,Harrhy,fharrhyc4@unicef.org,Female,237.24.186.18
438,Kristian,Blackborow,kblackborowc5@wunderground.com,Male,215.192.0.67
439,Gay,Bulluck,gbulluckc6@nsw.gov.au,Male,112.209.21.96
440,Pearce,Coursor,pcoursorc7@cnbc.com,Male,86.69.1.202
441,Luci,Van Bruggen,lvanbruggenc8@desdev.cn,Female,197.61.145.166
442,Bailey,McAllan,bmcallanc9@naver.com,Male,99.96.120.224
443,Page,Davidou,pdavidouca@sakura.ne.jp,Male,185.27.241.166
444,Griffie,Meech,gmeechcb@gov.uk,Male,250.229.61.177
445,Dalenna,Furman,dfurmancc@hp.com,Female,225.76.126.150
446,Gisella,Mocker,gmockercd@admin.ch,Female,113.141.122.238
447,Rea,Rumke,rrumkece@infoseek.co.jp,Female,127.132.217.113
448,Gradeigh,Battabee,gbattabeecf@oracle.com,Agender,33.80.91.253
449,Samuele,Ezzy,sezzycg@odnoklassniki.ru,Male,12.20.140.96
450,Cassandre,Daniells,cdaniellsch@amazon.de,Female,89.38.126.206
451,Constantine,Summerside,csummersideci@freewebs.com,Female,235.70.27.146
452,Trescha,Ferne,tfernecj@123-reg.co.uk,Female,122.119.193.45
453,Aeriell,Glendzer,aglendzerck@vk.com,Female,78.15.228.121
454,Francklin,Rainbow,frainbowcl@indiegogo.com,Male,41.78.230.220
455,Kelsey,Fletcher,kfletchercm@163.com,Male,251.23.84.148
456,Suzann,Saulter,ssaultercn@feedburner.com,Female,182.68.53.118
457,Lucky,Ethersey,letherseyco@ning.com,Female,229.102.224.6
458,Cher,Field,cfieldcp@nymag.com,Female,106.192.80.140
459,Nicola,Waterson,nwatersoncq@1688.com,Male,76.177.200.143
460,Hali,Speare,hspearecr@techcrunch.com,Female,221.202.17.73
461,Stern,Bartrum,sbartrumcs@cmu.edu,Male,93.151.95.66
462,Schuyler,Wilcocks,swilcocksct@ifeng.com,Male,37.56.50.156
463,Nerte,Velasquez,nvelasquezcu@walmart.com,Female,166.165.160.173
464,Sargent,Crutchley,scrutchleycv@edublogs.org,Genderfluid,175.35.65.9
465,Aaron,Bruin,abruincw@webeden.co.uk,Agender,191.107.240.92
466,Avigdor,Nason,anasoncx@qq.com,Male,175.173.166.225
467,Caralie,Lorenzetto,clorenzettocy@biblegateway.com,Female,11.160.7.129
468,Freedman,Alwen,falwencz@examiner.com,Male,158.12.234.49
469,Kliment,Thorrold,kthorroldd0@boston.com,Male,101.223.85.247
470,Karolina,Rangeley,krangeleyd1@g.co,Agender,17.131.67.198
471,Silvain,Reily,sreilyd2@squidoo.com,Male,225.203.174.232
472,Garret,Frick,gfrickd3@hugedomains.com,Male,97.110.118.100
473,Aili,Drife,adrifed4@ow.ly,Female,230.79.82.132
474,Anica,Canepe,acaneped5@biglobe.ne.jp,Female,19.88.167.201
475,Nate,Manterfield,nmanterfieldd6@usatoday.com,Genderqueer,55.212.223.185
476,Marve,De Laci,mdelacid7@examiner.com,Male,176.101.52.162
477,Lonnie,Carette,lcaretted8@4shared.com,Male,16.9.150.218
478,Barbra,Raphael,braphaeld9@naver.com,Female,220.67.102.20
479,Maryl,Pendlebery,mpendleberyda@naver.com,Female,176.18.72.224
480,Lucretia,Dever,ldeverdb@php.net,Female,224.168.201.248
481,Roseanna,Colleford,rcolleforddc@illinois.edu,Female,248.196.38.254
482,Hillary,Shilstone,hshilstonedd@posterous.com,Female,232.172.21.167
483,Aldis,Macquire,amacquirede@disqus.com,Male,175.62.154.223
484,Connie,Bugby,cbugbydf@mediafire.com,Polygender,99.213.128.65
485,Mano,Heyward,mheywarddg@odnoklassniki.ru,Polygender,23.85.208.31
486,Seymour,Luca,slucadh@globo.com,Male,59.237.201.181
487,Margy,Bertie,mbertiedi@umn.edu,Female,68.33.238.11
488,Johnna,Olivet,jolivetdj@nih.gov,Female,198.107.53.84
489,Glenn,Goaley,ggoaleydk@tripadvisor.com,Male,255.210.140.254
490,Frederico,Christene,fchristenedl@clickbank.net,Male,159.177.249.241
491,Archer,Jime,ajimedm@tripod.com,Male,32.221.83.23
492,Izaak,Gurdon,igurdondn@a8.net,Male,125.144.83.50
493,Eddie,Guidelli,eguidellido@tmall.com,Female,103.77.52.158
494,Paxon,Ysson,pyssondp@netscape.com,Male,122.238.196.176
495,Halley,Spender,hspenderdq@hibu.com,Female,83.231.3.217
496,Lalo,Surmon,lsurmondr@cnn.com,Male,111.86.133.78
497,Willi,Valero,wvalerods@netlog.com,Female,229.131.128.3
498,Farand,Matschoss,fmatschossdt@npr.org,Female,162.46.179.72
499,Barde,Sultan,bsultandu@oracle.com,Male,36.78.211.154
500,Teddie,Turbill,tturbilldv@sun.com,Male,86.157.82.176
501,Brenna,Pickin,bpickindw@drupal.org,Female,11.82.184.89
502,Northrop,Koppke,nkoppkedx@yale.edu,Male,254.113.112.106
503,Geoff,Casetta,gcasettady@marriott.com,Male,156.134.154.219
504,Cordi,Huntly,chuntlydz@printfriendly.com,Female,234.61.214.210
505,Doug,Simco,dsimcoe0@washingtonpost.com,Male,124.46.23.92
506,Chrystel,Hanton,chantone1@ed.gov,Female,45.172.184.35
507,Arvin,Galton,agaltone2@nbcnews.com,Polygender,215.229.48.207
508,Raye,Grzegorzewicz,rgrzegorzewicze3@hp.com,Female,91.236.249.33
509,Benton,Hillan,bhillane4@shutterfly.com,Male,10.39.145.148
510,Faustine,Brahams,fbrahamse5@oakley.com,Female,227.203.246.188
511,Candis,Gilphillan,cgilphillane6@weibo.com,Female,89.226.187.164
512,Robena,Witch,rwitche7@dyndns.org,Female,114.138.240.207
513,Emlynne,Danieli,edanielie8@netlog.com,Genderqueer,252.100.218.182
514,Clem,Mertin,cmertine9@gravatar.com,Female,21.128.117.216
515,Elmira,Brekonridge,ebrekonridgeea@census.gov,Female,50.52.62.12
516,Katherina,Ference,kferenceeb@sina.com.cn,Female,173.177.225.243
517,Sara,McComiskey,smccomiskeyec@shinystat.com,Female,194.232.63.136
518,Leon,Wheadon,lwheadoned@huffingtonpost.com,Male,155.140.176.110
519,Sylvan,Warrier,swarrieree@umn.edu,Non-binary,18.29.29.4
520,Nedda,Hawkings,nhawkingsef@wordpress.com,Female,247.249.55.157
521,Olin,Frizell,ofrizelleg@theatlantic.com,Male,103.105.43.158
522,Uriah,Brendeke,ubrendekeeh@hostgator.com,Non-binary,126.96.197.83
523,Dick,McNally,dmcnallyei@etsy.com,Male,111.125.176.234
524,Aloin,Dybald,adybaldej@psu.edu,Bigender,210.151.146.3
525,Rutherford,Plumstead,rplumsteadek@hugedomains.com,Male,222.184.242.178
526,Ludvig,Gammet,lgammetel@seattletimes.com,Male,71.87.5.83
527,Yoshiko,Collidge,ycollidgeem@moonfruit.com,Female,157.195.49.191
528,Kat,Titmarsh,ktitmarshen@comsenz.com,Female,60.109.241.63
529,Feodora,Hubble,fhubbleeo@plala.or.jp,Genderfluid,208.196.225.39
530,Kaia,Hawkyens,khawkyensep@senate.gov,Female,40.210.82.100
531,Aylmer,Ratnege,aratnegeeq@miibeian.gov.cn,Male,55.160.77.249
532,Saunders,Thorington,sthoringtoner@xing.com,Non-binary,36.41.153.133
533,Bruce,Skates,bskateses@comcast.net,Male,127.41.31.114
534,Wait,Garriock,wgarriocket@sourceforge.net,Male,212.210.228.122
535,Vanya,Bycraft,vbycrafteu@blogspot.com,Agender,246.236.255.214
536,Jessie,Podmore,jpodmoreev@smh.com.au,Male,5.117.82.121
537,Zedekiah,Shedden,zsheddenew@scribd.com,Male,248.141.194.236
538,Toni,Giblett,tgiblettex@ask.com,Female,10.62.28.77
539,Erskine,Borkett,eborkettey@ca.gov,Male,105.75.176.214
540,Malia,Redfearn,mredfearnez@altervista.org,Female,59.10.188.155
541,Bentley,Eberle,beberlef0@businessinsider.com,Male,216.184.73.248
542,Briny,Vail,bvailf1@paginegialle.it,Female,43.252.199.57
543,Link,Wardhaugh,lwardhaughf2@mapy.cz,Male,112.108.90.67
544,Mathew,Janeway,mjanewayf3@goo.gl,Male,180.199.24.10
545,Libby,Andress,landressf4@scientificamerican.com,Female,29.55.218.68
546,Perri,Rolls,prollsf5@nydailynews.com,Female,224.215.169.146
547,Morrie,Florence,mflorencef6@craigslist.org,Male,185.212.64.126
548,Dyanna,Hertwell,dhertwellf7@goodreads.com,Female,245.74.63.204
549,Rooney,Vasilevich,rvasilevichf8@google.com.hk,Male,186.255.199.32
550,Joellen,Gammill,jgammillf9@mozilla.org,Female,166.11.71.40
551,Leroy,Lucey,lluceyfa@sakura.ne.jp,Male,45.59.62.100
552,Omero,Lockart,olockartfb@rediff.com,Male,189.191.231.127
553,Maurizio,Blakey,mblakeyfc@meetup.com,Male,144.220.240.113
554,Lamont,Crotch,lcrotchfd@washington.edu,Male,236.152.255.38
555,Lucky,Sproule,lsproulefe@youtu.be,Non-binary,202.180.83.127
556,Val,Fidele,vfideleff@sfgate.com,Female,68.105.160.128
557,Filia,Firsby,ffirsbyfg@nsw.gov.au,Female,17.165.195.99
558,Wells,Gadault,wgadaultfh@livejournal.com,Male,71.176.100.97
559,Jess,Wapple,jwapplefi@fastcompany.com,Male,151.142.17.212
560,Bob,Bain,bbainfj@icio.us,Male,126.48.73.94
561,Erny,Elmer,eelmerfk@taobao.com,Male,172.219.248.83
562,Orrin,Staddon,ostaddonfl@businessweek.com,Male,227.175.81.37
563,Vivie,Edleston,vedlestonfm@princeton.edu,Female,56.73.23.162
564,Laurence,Stodd,lstoddfn@dailymotion.com,Male,169.0.248.179
565,Goldi,Chasson,gchassonfo@homestead.com,Female,129.230.41.235
566,Gardiner,Marielle,gmariellefp@people.com.cn,Male,76.123.6.141
567,Humberto,Curm,hcurmfq@wikipedia.org,Male,89.49.100.206
568,Flory,Goretti,fgorettifr@over-blog.com,Female,78.209.12.126
569,Corbin,Piaggia,cpiaggiafs@huffingtonpost.com,Male,160.180.154.215
570,Brittaney,Donald,bdonaldft@netscape.com,Female,98.158.101.191
571,Derick,Haverty,dhavertyfu@angelfire.com,Male,94.41.93.210
572,Ethelbert,Sandercock,esandercockfv@creativecommons.org,Male,187.98.222.38
573,Rosalie,Hymers,rhymersfw@mit.edu,Female,84.87.118.105
574,Lezley,Nicolson,lnicolsonfx@eepurl.com,Bigender,63.173.46.23
575,Valentin,Roullier,vroullierfy@cbc.ca,Male,213.180.40.169
576,Terrel,Segrott,tsegrottfz@webs.com,Male,203.230.114.135
577,Roderich,Pobjay,rpobjayg0@csmonitor.com,Male,86.24.20.119
578,Alicia,Maddams,amaddamsg1@reverbnation.com,Female,106.64.144.249
579,Yankee,Ramalhete,yramalheteg2@uol.com.br,Male,105.251.140.131
580,Rourke,Kruse,rkruseg3@cargocollective.com,Male,41.207.127.66
581,Lanae,Sawle,lsawleg4@mayoclinic.com,Female,46.67.253.188
582,Crystie,Greenleaf,cgreenleafg5@ca.gov,Non-binary,70.220.81.101
583,Gram,Matashkin,gmatashking6@clickbank.net,Male,22.110.225.203
584,Randy,Hodgen,rhodgeng7@dot.gov,Female,234.242.181.239
585,Perceval,Loxston,ploxstong8@edublogs.org,Male,51.131.195.33
586,Kathye,Dossettor,kdossettorg9@comcast.net,Female,26.213.206.160
587,Therese,Wareham,twarehamga@zimbio.com,Female,103.210.139.161
588,Kirby,Catto,kcattogb@blinklist.com,Male,211.201.0.201
589,Griselda,Marielle,gmariellegc@vk.com,Female,238.106.31.181
590,Nan,Birrell,nbirrellgd@wordpress.org,Female,146.182.6.137
591,Konstantin,Ridgewell,kridgewellge@odnoklassniki.ru,Male,82.228.222.128
592,Anderea,Weems,aweemsgf@usda.gov,Female,63.93.37.154
593,Magdaia,Conti,mcontigg@icq.com,Female,243.113.8.123
594,Deane,McKerton,dmckertongh@addthis.com,Genderfluid,235.153.121.87
595,Claiborne,Mecchi,cmecchigi@phpbb.com,Male,51.245.202.147
596,Augie,Bagshawe,abagshawegj@yahoo.com,Male,56.146.91.205
597,Gabriele,Joire,gjoiregk@stumbleupon.com,Male,216.66.217.255
598,Hugo,Harrison,hharrisongl@mail.ru,Male,47.28.237.170
599,Frederigo,Mahmood,fmahmoodgm@xinhuanet.com,Male,0.164.15.47
600,Rena,Sargint,rsargintgn@chronoengine.com,Female,33.140.34.52
601,Bellina,Priddie,bpriddiego@archive.org,Female,188.33.208.195
602,Norma,Clearley,nclearleygp@weather.com,Female,100.187.191.91
603,Caroline,Dumblton,cdumbltongq@youtube.com,Non-binary,230.53.213.178
604,Janot,Walding,jwaldinggr@cnn.com,Female,59.80.239.94
605,Carmella,Stansbury,cstansburygs@gravatar.com,Female,180.36.104.146
606,Howard,Flisher,hflishergt@xinhuanet.com,Male,146.76.166.72
607,Maxie,Andrasch,mandraschgu@pen.io,Female,121.93.231.199
608,Burke,Perez,bperezgv@ucoz.ru,Male,153.248.106.212
609,Oswald,Crone,ocronegw@goodreads.com,Male,34.186.228.219
610,Olia,Allcott,oallcottgx@surveymonkey.com,Female,85.78.17.2
611,Stacee,Chelley,schelleygy@google.fr,Female,221.210.24.1
612,Anna,Loughren,aloughrengz@is.gd,Female,189.155.192.63
613,Shadow,Hardaker,shardakerh0@mtv.com,Male,48.163.231.167
614,Christiane,Stennings,cstenningsh1@ameblo.jp,Female,71.225.142.232
615,Nico,Shory,nshoryh2@ca.gov,Male,185.86.106.98
616,Karlotta,Stambridge,kstambridgeh3@simplemachines.org,Bigender,192.218.37.185
617,Reese,Whitnell,rwhitnellh4@disqus.com,Male,101.43.249.78
618,Wakefield,Friedman,wfriedmanh5@apple.com,Male,51.115.160.151
619,Lesley,Sever,lseverh6@nsw.gov.au,Male,34.36.224.181
620,Nerte,Serle,nserleh7@unblog.fr,Female,59.119.20.209
621,Casey,Sonschein,csonscheinh8@prlog.org,Male,56.163.57.150
622,Tabbie,Ludman,tludmanh9@sphinn.com,Female,228.34.100.79
623,Emelita,Feary,efearyha@army.mil,Female,33.83.124.166
624,Tabbie,Whebell,twhebellhb@dyndns.org,Female,120.107.144.153
625,Bren,Ingerson,bingersonhc@redcross.org,Female,137.35.21.83
626,Marguerite,Turton,mturtonhd@example.com,Female,221.189.110.113
627,Dannie,Tedman,dtedmanhe@rakuten.co.jp,Male,69.244.12.216
628,Puff,Narraway,pnarrawayhf@gizmodo.com,Male,77.26.27.83
629,Yard,Stimson,ystimsonhg@state.gov,Male,36.80.44.243
630,Ahmad,Tuckley,atuckleyhh@spotify.com,Male,151.220.232.195
631,Hermy,Elcomb,helcombhi@linkedin.com,Male,234.113.91.214
632,Konstantine,Beslier,kbeslierhj@telegraph.co.uk,Non-binary,232.88.17.81
633,Nap,Wolfarth,nwolfarthhk@apache.org,Male,189.244.218.119
634,Aurel,Jefferd,ajefferdhl@bloomberg.com,Female,190.57.104.226
635,Kirby,Fenn,kfennhm@instagram.com,Female,29.158.92.121
636,Jodee,Eastabrook,jeastabrookhn@illinois.edu,Female,210.39.7.20
637,Kary,McJarrow,kmcjarrowho@g.co,Female,179.1.9.120
638,Peggy,Cicchitello,pcicchitellohp@comcast.net,Female,3.5.172.245
639,Valentine,Gammage,vgammagehq@yellowpages.com,Male,184.69.63.247
640,Petronella,Stede,pstedehr@sciencedaily.com,Genderqueer,212.92.57.78
641,Bastian,Delia,bdeliahs@guardian.co.uk,Male,251.143.241.200
642,Janos,Sprowles,jsprowlesht@e-recht24.de,Male,91.102.216.4
643,Dahlia,Tourville,dtourvillehu@booking.com,Female,67.78.69.95
644,Anders,Laye,alayehv@intel.com,Male,173.164.2.11
645,Jobie,Boak,jboakhw@rambler.ru,Polygender,197.48.121.44
646,Lilith,Dymick,ldymickhx@businessinsider.com,Female,40.13.198.123
647,Mechelle,Rolfs,mrolfshy@constantcontact.com,Female,138.184.44.100
648,Pepe,Klimaszewski,pklimaszewskihz@chicagotribune.com,Male,45.57.129.115
649,Ruthe,Beggini,rbegginii0@pen.io,Female,167.177.122.50
650,Crista,Trinder,ctrinderi1@amazon.co.jp,Female,122.160.147.53
651,Danny,Orwell,dorwelli2@guardian.co.uk,Female,177.130.193.241
652,Rayner,Itzhaki,ritzhakii3@census.gov,Male,177.204.40.140
653,Onfre,Lusty,olustyi4@live.com,Male,60.69.30.222
654,Tomkin,Elmhirst,telmhirsti5@weather.com,Male,233.156.22.15
655,Kati,Grigorey,kgrigoreyi6@mozilla.com,Female,233.197.116.231
656,Lenka,Hayward,lhaywardi7@storify.com,Female,63.32.215.214
657,Jen,Scolding,jscoldingi8@sciencedaily.com,Genderfluid,23.6.87.231
658,Alwyn,Robertis,arobertisi9@addthis.com,Male,14.44.157.133
659,Felice,Gagin,fgaginia@telegraph.co.uk,Female,43.218.41.166
660,Guy,Fevers,gfeversib@deviantart.com,Male,186.122.54.229
661,Kittie,Highwood,khighwoodic@furl.net,Female,72.246.178.3
662,Jefferey,MacCostye,jmaccostyeid@geocities.jp,Male,102.25.99.56
663,Giuditta,Surphliss,gsurphlissie@360.cn,Female,92.126.70.157
664,Mady,Ablewhite,mablewhiteif@scientificamerican.com,Female,183.134.16.175
665,Guy,Schollick,gschollickig@webnode.com,Male,82.188.61.168
666,Ross,Fusco,rfuscoih@de.vu,Male,164.75.84.72
667,Clay,Pervew,cpervewii@webeden.co.uk,Male,35.151.72.248
668,Dominick,Koeppe,dkoeppeij@canalblog.com,Male,110.239.227.216
669,Clo,Yourell,cyourellik@exblog.jp,Female,128.237.108.25
670,Emilio,O' Hanvey,eohanveyil@mail.ru,Male,161.28.49.208
671,Helli,Simenon,hsimenonim@tinypic.com,Female,74.124.72.8
672,Alvy,Cannan,acannanin@youtu.be,Male,27.160.142.125
673,Ninetta,Swancock,nswancockio@about.com,Genderfluid,196.242.34.143
674,Gennie,Rattery,gratteryip@bravesites.com,Female,92.141.63.198
675,Edsel,Doding,edodingiq@spiegel.de,Male,140.104.254.62
676,Tadeo,Haward,thawardir@arizona.edu,Male,50.90.27.167
677,Ximenes,Garrow,xgarrowis@ameblo.jp,Male,98.170.35.16
678,Robena,Gamett,rgamettit@auda.org.au,Female,116.119.35.112
679,Marthena,Garoghan,mgaroghaniu@cbslocal.com,Female,3.255.217.5
680,Justino,Le Surf,jlesurfiv@go.com,Male,159.221.199.188
681,Carla,Hannibal,channibaliw@cnbc.com,Female,159.35.82.190
682,Marty,Foote,mfooteix@cargocollective.com,Male,255.102.93.249
683,Sheba,O' Dooley,sodooleyiy@umn.edu,Female,238.37.172.74
684,Ernesto,Calken,ecalkeniz@bing.com,Male,154.11.217.149
685,Lemmy,Krop,lkropj0@java.com,Male,177.239.129.102
686,Mohammed,Cucinotta,mcucinottaj1@stanford.edu,Male,75.5.140.150
687,Netta,Guirard,nguirardj2@rediff.com,Female,148.54.37.112
688,Roarke,Clack,rclackj3@fda.gov,Male,118.135.58.167
689,Gregoire,Canto,gcantoj4@netscape.com,Male,193.3.200.79
690,Liuka,Hullock,lhullockj5@illinois.edu,Female,126.105.213.174
691,Issiah,Valerius,ivaleriusj6@wunderground.com,Male,240.90.154.182
692,Malena,De Paoli,mdepaolij7@meetup.com,Female,251.107.53.157
693,Christa,Balasin,cbalasinj8@discovery.com,Female,6.22.24.67
694,Demetri,McKerton,dmckertonj9@diigo.com,Male,13.247.223.166
695,Gilberto,Sellstrom,gsellstromja@bravesites.com,Male,169.68.210.162
696,Marci,Corwood,mcorwoodjb@blogspot.com,Female,253.65.42.212
697,Siusan,Pickup,spickupjc@tmall.com,Female,242.8.243.46
698,Barbie,Gruczka,bgruczkajd@unicef.org,Female,169.68.192.100
699,Kandy,Loft,kloftje@shop-pro.jp,Female,247.69.243.97
700,Sol,Lorkins,slorkinsjf@timesonline.co.uk,Male,164.8.185.26
701,Jeramie,Hatherleigh,jhatherleighjg@a8.net,Male,51.221.16.251
702,Hunter,Cockrem,hcockremjh@wufoo.com,Male,102.145.50.254
703,Hannie,Dust,hdustji@archive.org,Female,152.34.60.189
704,Lanita,Russ,lrussjj@amazonaws.com,Female,115.187.76.17
705,Mira,Wharfe,mwharfejk@t.co,Female,186.121.26.107
706,Layney,Batchley,lbatchleyjl@networksolutions.com,Female,126.189.9.237
707,Suzy,Kitchingman,skitchingmanjm@lycos.com,Female,102.7.54.127
708,Erik,Muck,emuckjn@google.ru,Male,25.182.129.43
709,Christoper,Philipson,cphilipsonjo@cocolog-nifty.com,Male,185.9.169.115
710,Shadow,Louys,slouysjp@liveinternet.ru,Male,22.83.21.133
711,Merell,Janatka,mjanatkajq@reuters.com,Male,127.193.156.146
712,Gaylor,Ramas,gramasjr@biblegateway.com,Male,159.109.138.217
713,Emmott,Versey,everseyjs@umn.edu,Male,83.220.22.187
714,Diann,Polini,dpolinijt@squarespace.com,Female,40.36.175.192
715,Dru,Pickton,dpicktonju@tiny.cc,Female,20.8.95.241
716,Rebekah,Schole,rscholejv@google.cn,Female,143.119.184.0
717,Bastien,O'Lennachain,bolennachainjw@naver.com,Genderfluid,42.158.52.187
718,Ainslee,McVey,amcveyjx@exblog.jp,Female,76.143.26.203
719,Dulcinea,Woodruffe,dwoodruffejy@ihg.com,Agender,97.60.78.158
720,Loreen,von Nassau,lvonnassaujz@privacy.gov.au,Female,116.91.4.59
721,Carol-jean,Rosone,crosonek0@cnet.com,Female,18.6.14.140
722,Raimundo,Lugg,rluggk1@sciencedaily.com,Male,96.228.51.79
723,Coleman,Gepson,cgepsonk2@accuweather.com,Male,32.135.75.234
724,Layton,Biasioni,lbiasionik3@dmoz.org,Male,192.130.28.64
725,Henry,Bearns,hbearnsk4@bloglovin.com,Non-binary,208.62.160.0
726,Aubry,Zohrer,azohrerk5@hugedomains.com,Female,224.136.243.171
727,Erv,Arminger,earmingerk6@discuz.net,Male,185.7.87.110
728,Cordy,Kirlin,ckirlink7@eventbrite.com,Male,31.135.58.51
729,Titus,Carff,tcarffk8@goodreads.com,Male,170.166.52.104
730,Thedric,Goose,tgoosek9@blog.com,Male,21.136.69.166
731,Blake,Hurler,bhurlerka@oakley.com,Male,2.244.25.205
732,Viviene,Rawsthorne,vrawsthornekb@mapquest.com,Female,11.234.221.188
733,Ingamar,Hyndes,ihyndeskc@indiegogo.com,Genderfluid,173.77.47.125
734,Angela,Dawkes,adawkeskd@e-recht24.de,Female,109.130.53.115
735,Franni,Davidavidovics,fdavidavidovicske@gmpg.org,Female,242.90.81.119
736,Johann,O'Leahy,joleahykf@craigslist.org,Male,107.17.203.35
737,Jermayne,Mallan,jmallankg@scientificamerican.com,Male,194.59.144.101
738,Herb,Roser,hroserkh@ox.ac.uk,Male,99.73.127.143
739,Deborah,Hudson,dhudsonki@ow.ly,Non-binary,35.113.223.189
740,Marcelo,Fransson,mfranssonkj@house.gov,Male,40.0.81.251
741,Miranda,Pyson,mpysonkk@indiatimes.com,Female,97.197.35.196
742,Jackie,Charlick,jcharlickkl@edublogs.org,Female,226.218.172.63
743,Cleo,Letessier,cletessierkm@google.com.au,Female,113.53.171.7
744,Gae,Beresford,gberesfordkn@cyberchimps.com,Agender,207.198.224.21
745,Annabela,Ector,aectorko@google.co.uk,Agender,180.4.231.120
746,Normie,Baiss,nbaisskp@nhs.uk,Male,125.157.29.130
747,Brianne,Letcher,bletcherkq@php.net,Female,86.94.50.147
748,Nealy,Ceccoli,nceccolikr@bing.com,Male,34.142.18.50
749,Binni,Mozzi,bmozziks@wix.com,Female,45.180.173.110
750,Roland,Elgood,relgoodkt@cam.ac.uk,Male,179.190.186.70
751,Caroline,Purvess,cpurvessku@sogou.com,Female,159.65.21.242
752,Valaria,Westmorland,vwestmorlandkv@cyberchimps.com,Female,120.211.128.254
753,Jean,Hulbert,jhulbertkw@sciencedirect.com,Male,175.223.199.198
754,Gordon,Macauley,gmacauleykx@craigslist.org,Male,171.48.224.111
755,Tam,Willshear,twillshearky@prlog.org,Male,177.145.105.133
756,Drusy,Abry,dabrykz@aboutads.info,Female,10.52.25.152
757,Cordi,Keywood,ckeywoodl0@google.com.hk,Female,76.100.255.74
758,Chrisy,Blues,cbluesl1@eepurl.com,Male,65.102.53.6
759,Sibley,Basden,sbasdenl2@squarespace.com,Non-binary,223.104.237.200
760,Dorelle,Rubinsztein,drubinszteinl3@webmd.com,Female,40.101.210.216
761,Janeczka,Kastel,jkastell4@blogspot.com,Female,199.139.203.176
762,Pen,Gauford,pgaufordl5@purevolume.com,Female,233.54.158.211
763,Leticia,Pottberry,lpottberryl6@addtoany.com,Female,206.40.71.239
764,Garrott,Dukelow,gdukelowl7@bbb.org,Bigender,193.162.147.205
765,Robina,Mc-Kerley,rmckerleyl8@hc360.com,Female,179.119.190.94
766,Sergio,Carik,scarikl9@thetimes.co.uk,Male,187.253.102.115
767,Samara,Van den Velden,svandenveldenla@wix.com,Female,134.189.23.223
768,Alexis,Acome,aacomelb@tuttocitta.it,Male,147.44.173.99
769,Salomo,Chinnick,schinnicklc@reverbnation.com,Male,246.132.196.113
770,Darin,Portis,dportisld@bbc.co.uk,Male,53.22.136.0
771,Sol,Durtnell,sdurtnellle@webs.com,Male,124.206.69.25
772,Melisande,Gimbrett,mgimbrettlf@google.cn,Female,190.186.41.246
773,Yulma,Bier,ybierlg@geocities.jp,Genderfluid,221.141.37.232
774,Diahann,Elden,deldenlh@jugem.jp,Female,160.170.225.46
775,Rahal,Goadby,rgoadbyli@google.pl,Female,31.231.19.72
776,Loreen,Braisher,lbraisherlj@smh.com.au,Female,148.49.197.214
777,Chaunce,Upward,cupwardlk@devhub.com,Male,181.214.249.220
778,Tybie,Mullin,tmullinll@etsy.com,Female,64.218.62.187
779,Gill,Kippax,gkippaxlm@ca.gov,Male,83.31.149.114
780,Genevra,Purslow,gpurslowln@home.pl,Female,190.226.99.70
781,Gerome,Ferrelli,gferrellilo@statcounter.com,Male,211.166.184.188
782,Cherilynn,Barnes,cbarneslp@psu.edu,Female,74.136.91.73
783,Dennis,Staig,dstaiglq@ucoz.ru,Male,231.68.137.13
784,Robyn,Fattori,rfattorilr@tripod.com,Female,206.175.231.216
785,Benoite,Clowney,bclowneyls@arizona.edu,Female,249.180.100.245
786,Estrellita,Syplus,esypluslt@cocolog-nifty.com,Bigender,128.32.61.214
787,Cherey,Kohring,ckohringlu@trellian.com,Female,64.61.21.44
788,Kaia,Conaboy,kconaboylv@dailymotion.com,Female,75.76.157.155
789,Annis,Clowney,aclowneylw@aboutads.info,Genderqueer,57.223.132.9
790,Schuyler,Gascard,sgascardlx@redcross.org,Male,190.250.64.224
791,Torrance,Uc,tucly@dailymotion.com,Male,112.122.194.170
792,Phip,Jirak,pjiraklz@w3.org,Male,206.93.115.150
793,Clarita,Ilyinykh,cilyinykhm0@amazonaws.com,Female,57.252.10.248
794,Delilah,Charlton,dcharltonm1@cnbc.com,Polygender,200.122.180.137
795,Rebeca,Nilles,rnillesm2@sohu.com,Female,226.80.151.29
796,Christiano,Peealess,cpeealessm3@stumbleupon.com,Male,7.126.29.213
797,Penny,Chaplyn,pchaplynm4@e-recht24.de,Male,73.216.94.235
798,Reiko,Mapp,rmappm5@hhs.gov,Genderqueer,234.236.47.234
799,Normie,Deal,ndealm6@sciencedirect.com,Bigender,90.20.195.50
800,Felicio,Mateiko,fmateikom7@facebook.com,Male,48.177.220.196
801,Lockwood,Goodere,lgooderem8@mashable.com,Male,6.252.60.121
802,Fabien,Stephens,fstephensm9@opensource.org,Male,41.144.221.5
803,Helenelizabeth,Broscombe,hbroscombema@google.co.jp,Female,48.2.112.190
804,Roxi,Beacham,rbeachammb@jiathis.com,Female,207.126.137.105
805,Ellery,Bargery,ebargerymc@storify.com,Male,0.126.26.175
806,Penn,Ballaam,pballaammd@ca.gov,Male,154.251.154.145
807,Adria,Mantz,amantzme@washingtonpost.com,Female,246.243.155.146
808,Eran,Wycherley,ewycherleymf@gravatar.com,Female,104.150.10.178
809,Roderic,Furlong,rfurlongmg@nih.gov,Male,6.143.99.93
810,Ashla,Rymill,arymillmh@apple.com,Female,174.75.12.156
811,Una,Rubinsohn,urubinsohnmi@cbsnews.com,Female,166.200.250.30
812,Elana,Ogles,eoglesmj@uiuc.edu,Female,156.101.39.171
813,Keary,Le Floch,kleflochmk@fema.gov,Bigender,222.3.233.54
814,Consuela,Orridge,corridgeml@webmd.com,Female,204.23.128.70
815,Rubie,Hayball,rhayballmm@smugmug.com,Female,171.49.195.119
816,Lauree,Harbard,lharbardmn@time.com,Bigender,119.67.91.143
817,Marlin,O'Henehan,mohenehanmo@myspace.com,Male,25.165.122.98
818,Lind,Sinderson,lsindersonmp@wufoo.com,Female,124.201.200.179
819,Sansone,Huzzey,shuzzeymq@redcross.org,Male,29.5.237.239
820,Quintus,Sanderson,qsandersonmr@bandcamp.com,Male,225.209.144.70
821,Klarrisa,Berger,kbergerms@yale.edu,Female,237.110.189.50
822,Phineas,Dent,pdentmt@engadget.com,Male,207.223.20.191
823,Maude,Bortolussi,mbortolussimu@ed.gov,Female,234.121.177.18
824,Sherill,Labat,slabatmv@bizjournals.com,Female,197.75.204.78
825,Amalea,Ondra,aondramw@barnesandnoble.com,Female,8.200.164.101
826,Rudd,Littler,rlittlermx@issuu.com,Male,53.212.48.216
827,Donny,Domeney,ddomeneymy@mlb.com,Non-binary,132.38.245.27
828,Channa,Klainer,cklainermz@themeforest.net,Female,180.190.218.160
829,Ignatius,Oggers,ioggersn0@ycombinator.com,Male,235.183.231.166
830,Valenka,Brunroth,vbrunrothn1@ox.ac.uk,Female,16.205.172.111
831,Fina,Hurley,fhurleyn2@flickr.com,Non-binary,89.132.68.212
832,Kendricks,Swindin,kswindinn3@cyberchimps.com,Male,202.213.94.3
833,Roxanne,Boissieux,rboissieuxn4@ycombinator.com,Female,64.66.36.56
834,Kippie,Ramsay,kramsayn5@goo.ne.jp,Non-binary,113.43.72.125
835,Lacey,Appleford,lapplefordn6@telegraph.co.uk,Female,248.192.16.110
836,Gwyneth,Cullabine,gcullabinen7@gizmodo.com,Female,78.211.11.112
837,Caleb,Sorrie,csorrien8@wordpress.org,Male,29.218.18.137
838,Ade,Ebbins,aebbinsn9@newsvine.com,Male,199.14.251.105
839,Melinda,Marjot,mmarjotna@europa.eu,Female,236.240.74.75
840,Calley,Cowdry,ccowdrynb@washington.edu,Female,128.230.243.151
841,Carolus,Dane,cdanenc@google.co.uk,Male,153.138.90.85
842,Faustina,Bukowski,fbukowskind@google.com,Female,238.15.224.4
843,Curtice,Segoe,csegoene@1und1.de,Agender,132.42.133.250
844,Reinhold,Benzi,rbenzinf@princeton.edu,Male,194.123.108.202
845,Wanda,Churchley,wchurchleyng@1und1.de,Female,233.84.146.8
846,Masha,Armour,marmournh@lulu.com,Female,78.187.85.204
847,Adelle,Craisford,acraisfordni@topsy.com,Female,226.66.56.75
848,Ches,Emmert,cemmertnj@yellowpages.com,Male,195.105.138.254
849,Ragnar,Standall,rstandallnk@ustream.tv,Male,71.1.242.119
850,Symon,Wormleighton,swormleightonnl@blogger.com,Male,41.88.143.207
851,Isabella,Shepley,ishepleynm@umich.edu,Female,77.96.250.150
852,Cirilo,Cupper,ccuppernn@youtu.be,Male,3.170.83.109
853,Karole,Seabridge,kseabridgeno@vkontakte.ru,Female,54.114.148.247
854,George,Nicholas,gnicholasnp@bbc.co.uk,Female,61.170.64.43
855,Mac,Syddall,msyddallnq@technorati.com,Male,185.178.254.132
856,Verile,Nealon,vnealonnr@hp.com,Female,202.14.13.70
857,Faun,Nissle,fnisslens@hibu.com,Female,201.13.129.223
858,Marti,Mowen,mmowennt@vk.com,Female,153.254.232.214
859,Denise,Humfrey,dhumfreynu@epa.gov,Female,166.135.161.61
860,Janice,Selvey,jselveynv@salon.com,Female,53.22.223.115
861,Renelle,Spurrior,rspurriornw@java.com,Female,58.78.19.119
862,Ennis,Sturley,esturleynx@w3.org,Male,42.113.94.11
863,Menard,Oels,moelsny@clickbank.net,Male,33.98.123.124
864,Fields,Brough,fbroughnz@uol.com.br,Male,222.107.225.152
865,Frasco,Crang,fcrango0@ifeng.com,Male,139.102.33.36
866,Chariot,Legon,clegono1@newsvine.com,Non-binary,247.222.61.237
867,Ferdy,Kitchinham,fkitchinhamo2@home.pl,Male,50.4.50.171
868,Pegeen,Middleditch,pmiddleditcho3@sciencedaily.com,Female,68.215.90.157
869,Noam,Milverton,nmilvertono4@webmd.com,Male,68.189.138.14
870,Monah,Liccardo,mliccardoo5@scribd.com,Female,180.58.26.119
871,Trip,Karran,tkarrano6@squarespace.com,Male,4.239.129.239
872,Crin,Cuttings,ccuttingso7@umich.edu,Female,238.89.76.57
873,Ursola,Hurnell,uhurnello8@cbslocal.com,Female,179.119.209.141
874,Kipper,Martel,kmartelo9@xrea.com,Male,98.28.221.2
875,Fletch,Greally,fgreallyoa@dailymotion.com,Male,170.43.32.136
876,Chas,Jeanneau,cjeanneauob@state.gov,Male,11.153.163.122
877,Theresita,Halsho,thalshooc@furl.net,Female,227.211.4.181
878,Noah,O'Currine,nocurrineod@cbc.ca,Male,151.254.143.149
879,Dorette,Matteacci,dmatteaccioe@ocn.ne.jp,Female,159.119.39.60
880,Keir,Portail,kportailof@imgur.com,Male,105.97.46.207
881,Candie,Furniss,cfurnissog@newyorker.com,Female,28.200.217.247
882,Aridatha,Leney,aleneyoh@vimeo.com,Female,163.95.111.161
883,Elvira,Alebrooke,ealebrookeoi@wp.com,Female,82.227.41.247
884,Patience,Gebby,pgebbyoj@cyberchimps.com,Female,140.151.119.240
885,Alameda,Sandlin,asandlinok@ifeng.com,Female,86.62.196.47
886,Diann,Gowing,dgowingol@ebay.com,Female,115.96.248.152
887,Danette,Haitlie,dhaitlieom@prnewswire.com,Female,85.196.173.189
888,Ivett,Mouat,imouaton@sfgate.com,Female,171.165.181.115
889,Valery,Barcroft,vbarcroftoo@walmart.com,Female,4.114.108.228
890,Patrica,Anslow,panslowop@redcross.org,Female,200.41.31.255
891,Vincenz,Pyecroft,vpyecroftoq@google.co.uk,Non-binary,8.42.134.251
892,Bennett,Teager,bteageror@mapquest.com,Male,159.48.29.29
893,Paulo,Bayne,pbayneos@paypal.com,Male,149.104.128.42
894,Karola,Sotworth,ksotworthot@businessinsider.com,Female,107.248.36.164
895,Micah,Dunn,mdunnou@mayoclinic.com,Bigender,160.158.212.152
896,Tallia,Larchiere,tlarchiereov@techcrunch.com,Female,12.174.115.99
897,Bertine,Capey,bcapeyow@symantec.com,Female,254.238.254.91
898,Sunny,Schimonek,sschimonekox@uiuc.edu,Female,54.85.246.179
899,Travis,Derwin,tderwinoy@redcross.org,Male,185.82.108.226
900,Napoleon,Erangy,nerangyoz@noaa.gov,Male,156.69.15.212
901,Marney,Flowith,mflowithp0@upenn.edu,Female,93.84.83.30
902,Elinore,Wilsee,ewilseep1@cnn.com,Agender,90.138.137.14
903,Enrica,Delong,edelongp2@paypal.com,Female,171.120.232.66
904,Augustus,Pears,apearsp3@nhs.uk,Male,189.87.189.30
905,Blisse,Liley,blileyp4@state.tx.us,Female,221.25.13.151
906,Kerry,Podmore,kpodmorep5@amazon.co.jp,Male,144.129.96.200
907,Carson,Essberger,cessbergerp6@cafepress.com,Male,118.194.207.64
908,Gusta,Gabbitus,ggabbitusp7@techcrunch.com,Female,16.46.37.100
909,Godfree,Beckwith,gbeckwithp8@virginia.edu,Male,40.6.166.108
910,Rhianna,O'Collopy,rocollopyp9@tripod.com,Female,43.216.232.175
911,Anthia,Rotte,arottepa@apache.org,Female,182.95.124.2
912,Hymie,Dilliston,hdillistonpb@webs.com,Male,168.193.197.120
913,Leoline,Branche,lbranchepc@zdnet.com,Genderfluid,204.220.16.114
914,Suki,Alderman,saldermanpd@cargocollective.com,Female,79.181.105.223
915,Myra,McCorrie,mmccorriepe@google.com.au,Female,13.194.248.97
916,Karlen,Witherbed,kwitherbedpf@mapquest.com,Female,28.132.91.187
917,Josey,Ladley,jladleypg@webeden.co.uk,Female,173.70.36.107
918,Milly,Churchill,mchurchillph@walmart.com,Female,94.5.179.81
919,Licha,Gledhall,lgledhallpi@msn.com,Female,137.68.10.227
920,Alfons,O'Cuddie,aocuddiepj@google.de,Male,167.106.48.70
921,Ebony,Imeson,eimesonpk@discuz.net,Non-binary,34.205.183.44
922,Johnnie,MacCheyne,jmaccheynepl@upenn.edu,Male,94.170.224.15
923,Skelly,Dumpleton,sdumpletonpm@spotify.com,Male,149.172.236.31
924,Graehme,Alderson,galdersonpn@bandcamp.com,Male,200.41.216.165
925,Golda,MacCarrick,gmaccarrickpo@google.nl,Female,145.211.20.100
926,Terri-jo,Scambler,tscamblerpp@dion.ne.jp,Non-binary,108.200.38.105
927,Nanice,Goold,ngooldpq@ftc.gov,Non-binary,3.63.66.168
928,Aubrie,Olijve,aolijvepr@shop-pro.jp,Female,20.154.131.137
929,Elena,Thurnham,ethurnhamps@telegraph.co.uk,Female,140.48.17.154
930,Orrin,Zannuto,ozannutopt@guardian.co.uk,Male,230.136.19.128
931,Edlin,Rivelin,erivelinpu@ask.com,Bigender,71.191.206.31
932,Moss,Wickey,mwickeypv@phoca.cz,Male,132.254.54.29
933,Alfredo,Manach,amanachpw@wordpress.com,Male,108.58.147.43
934,Jay,Chstney,jchstneypx@imdb.com,Male,103.228.51.199
935,Elie,Sonschein,esonscheinpy@utexas.edu,Polygender,40.7.33.106
936,Del,Waplinton,dwaplintonpz@foxnews.com,Male,120.83.224.244
937,Hunt,Sweetsur,hsweetsurq0@ovh.net,Male,154.253.216.211
938,Garrick,Ruddle,gruddleq1@skyrock.com,Genderqueer,87.72.247.42
939,Taber,Bedle,tbedleq2@marketwatch.com,Male,94.156.104.97
940,Fee,Lindwall,flindwallq3@furl.net,Male,151.38.176.197
941,Inness,Izsak,iizsakq4@unicef.org,Male,65.29.112.55
942,Ado,Clericoates,aclericoatesq5@unc.edu,Male,43.14.69.27
943,Lexis,Hanigan,lhaniganq6@businessinsider.com,Female,180.132.193.143
944,Marinna,Brun,mbrunq7@japanpost.jp,Non-binary,57.126.174.67
945,Mamie,McIlriach,mmcilriachq8@trellian.com,Female,120.182.42.109
946,Sara,Edrich,sedrichq9@tuttocitta.it,Female,26.230.78.164
947,Kaiser,Noir,knoirqa@blogger.com,Male,85.195.47.93
948,Allistir,Kentwell,akentwellqb@wufoo.com,Male,158.93.192.85
949,Alverta,Fussen,afussenqc@google.com,Female,26.30.24.203
950,Amberly,Blaisdell,ablaisdellqd@macromedia.com,Female,191.253.167.117
951,Barby,Reffe,breffeqe@fotki.com,Non-binary,131.132.13.211
952,Belvia,Eassom,beassomqf@biglobe.ne.jp,Female,178.139.102.198
953,Gloriana,McRinn,gmcrinnqg@exblog.jp,Female,53.145.232.70
954,Marietta,Walcher,mwalcherqh@mashable.com,Male,173.11.234.92
955,Ezequiel,McGeneay,emcgeneayqi@fema.gov,Bigender,223.114.39.168
956,Minnnie,Dodell,mdodellqj@spiegel.de,Female,233.150.81.231
957,Anstice,Sine,asineqk@skyrock.com,Female,41.159.245.95
958,Rossie,Pelosi,rpelosiql@bluehost.com,Male,96.54.197.106
959,Stafani,Taylder,staylderqm@cocolog-nifty.com,Female,213.108.36.75
960,Emelia,Mockler,emocklerqn@histats.com,Female,135.191.235.247
961,Helenka,Newbery,hnewberyqo@sourceforge.net,Female,116.33.215.10
962,Crichton,Clackers,cclackersqp@marketwatch.com,Male,173.211.105.63
963,Goraud,Loyd,gloydqq@networksolutions.com,Male,163.210.237.165
964,Ravi,Bispham,rbisphamqr@t.co,Male,175.77.246.192
965,Enrique,Roseman,erosemanqs@netscape.com,Male,160.227.217.111
966,Cammy,Ebdon,cebdonqt@theatlantic.com,Male,182.40.122.135
967,Maia,Frere,mfrerequ@latimes.com,Female,191.31.51.209
968,Orsola,Zecchini,ozecchiniqv@mediafire.com,Female,99.58.41.251
969,Adara,Fearon,afearonqw@nbcnews.com,Female,115.216.254.181
970,Darrick,Burghall,dburghallqx@illinois.edu,Male,73.64.5.76
971,Riley,Jaspar,rjasparqy@nsw.gov.au,Male,27.173.223.92
972,Seth,Sneezum,ssneezumqz@yolasite.com,Male,44.228.212.11
973,Trip,Sallnow,tsallnowr0@uol.com.br,Male,206.50.10.102
974,Drucie,Kelberer,dkelbererr1@icio.us,Female,19.191.219.113
975,Hayyim,Norwich,hnorwichr2@aboutads.info,Male,117.182.214.79
976,Cull,Beadman,cbeadmanr3@ifeng.com,Male,255.203.47.160
977,Amandie,Gresch,agreschr4@sciencedaily.com,Female,123.46.140.92
978,Chrissy,Alexander,calexanderr5@paginegialle.it,Male,68.66.133.8
979,Porter,Heersma,pheersmar6@soundcloud.com,Male,4.30.236.206
980,Kittie,Landon,klandonr7@tumblr.com,Female,27.162.129.155
981,Bram,Spollen,bspollenr8@yahoo.co.jp,Male,90.5.74.232
982,Annaliese,Bruntjen,abruntjenr9@alexa.com,Female,73.133.186.113
983,Artus,Aiken,aaikenra@chronoengine.com,Male,72.195.199.206
984,Helaina,Poplee,hpopleerb@biblegateway.com,Female,87.58.116.43
985,Alidia,Buttress,abuttressrc@tinyurl.com,Female,217.120.53.101
986,Morlee,Hordell,mhordellrd@taobao.com,Male,78.114.140.22
987,Rosemary,McFall,rmcfallre@gnu.org,Female,121.219.51.137
988,Kaine,Matyja,kmatyjarf@chronoengine.com,Male,231.124.101.195
989,Cross,Courvert,ccourvertrg@oracle.com,Male,69.44.213.39
990,Jo-ann,Girardi,jgirardirh@sfgate.com,Female,65.202.36.125
991,Bradly,Foynes,bfoynesri@cbc.ca,Male,152.42.140.193
992,Rad,Sultan,rsultanrj@cnet.com,Male,108.127.232.58
993,Wright,Delve,wdelverk@auda.org.au,Male,179.150.109.250
994,Sarena,Palia,spaliarl@t.co,Female,20.160.70.177
995,Darya,Kiely,dkielyrm@slate.com,Female,170.64.135.199
996,Lindsay,Kirman,lkirmanrn@ycombinator.com,Male,83.87.217.70
997,Sauveur,Vardon,svardonro@yale.edu,Male,35.15.253.19
998,Lurleen,Binnes,lbinnesrp@networksolutions.com,Female,152.21.252.107
999,Free,Mongain,fmongainrq@google.it,Bigender,84.117.51.251
1000,Valentia,Zielinski,vzielinskirr@theguardian.com,Female,166.43.134.4
